{"boundaryID": "RWA-ADM2-39286606", "boundaryISO": "RWA", "boundaryYear": "2012", "boundaryType": "ADM2", "boundarySource": "Open Data Rwanda", "boundaryCanonical": "", "boundaryLicense": "Creative Commons Attribution 4.0 International (CC BY 4.0)", "licenseDetail": "", "licenseSource": "http//www.statistics.gov.rw/terms-use", "boundarySourceURL": "http//geodata-nisr.opendata.arcgis.com/datasets/c0a3d1deab694f7998bc4b966be12cbb_0", "sourceDataUpdateDate": "Thu Jan 19 07:31:04 2023", "buildDate": "Dec 12, 2023", "admUnitCount": "30", "meanVertices": "5136.0", "minVertices": "2889", "maxVertices": "9756", "meanPerimeterLengthKM": "173.15402907981004", "maxPerimeterLengthKM": "278.4597841793451", "minPerimeterLengthKM": "85.45266247939519", "meanAreaSqKM": "843.8799773007969", "minAreaSqKM": "132.4628382962791", "maxAreaSqKM": "1931.9231599735833"}