{"boundaryID": "RWA-ADM1-91480417", "boundaryISO": "RWA", "boundaryYear": "2020", "boundaryType": "ADM1", "boundarySource": "The Rwanda Geo Portal", "boundaryCanonical": "Province", "boundaryLicense": "Creative Commons Attribution 4.0 (CC BY 4.0)", "licenseDetail": "", "licenseSource": "https//rwanda.africageoportal.com/datasets/dac12729b2cd4f0db92fddaa6a80460d_0", "boundarySourceURL": "https//rwanda.africageoportal.com/datasets/dac12729b2cd4f0db92fddaa6a80460d_0", "sourceDataUpdateDate": "Thu Jan 19 07:31:04 2023", "buildDate": "Dec 12, 2023", "admUnitCount": "5", "meanVertices": "11935.0", "minVertices": "6266", "maxVertices": "18513", "meanPerimeterLengthKM": "440.55238820481566", "maxPerimeterLengthKM": "639.307400154314", "minPerimeterLengthKM": "176.75847834662127", "meanAreaSqKM": "5060.879881636201", "minAreaSqKM": "729.3876768129107", "maxAreaSqKM": "9466.21146170837"}